No.,Target Azimuth,Target Elevation,Stimuli,HRTF type,Repetition,Player’s Azimuth,Player’s Elevation,Reaction Time
1,180,30,Footstep,Generic,5,-179.1,-1.849999,13.93744
2,150,30,Footstep,DL_Based,1,151.55,-2.299997,6.962475
3,30,0,Footstep,3D_Based,5,24.2,-1.699993,7.362425
4,90,0,Footstep,3D_Based,2,87.05,-1.999993,3.509123
5,0,0,Footstep,3D_Based,4,0.1000003,-0.9999931,4.081036
6,150,0,Footstep,3D_Based,3,148.15,-3.249987,6.268654
7,180,30,PinkNoise,Generic,5,179.55,0.05001831,11.83287
8,90,0,Footstep,Generic,4,90.49998,-0.09999248,4.772602
9,30,0,PinkNoise,DL_Based,3,-22.05005,-1.399992,7.390175
10,120,30,Footstep,3D_Based,3,113.5999,0.3000183,7.8843
11,0,30,Footstep,3D_Based,2,-3.100067,-0.3499915,9.151489
12,150,0,PinkNoise,DL_Based,4,159.7499,-1.499992,7.921204
13,60,0,Footstep,3D_Based,3,-64.25009,-1.349992,5.06765
14,120,30,Footstep,Generic,1,130.2999,-0.1999919,6.310539
15,120,0,Footstep,DL_Based,4,135.5499,-3.149995,7.697449
16,90,0,Footstep,DL_Based,3,96.34995,-1.049997,9.04287
17,60,30,PinkNoise,DL_Based,1,-47.15005,-0.2999961,6.092949
18,0,0,PinkNoise,DL_Based,3,18.49996,-0.5999967,7.177345
19,180,30,PinkNoise,DL_Based,2,-168.8,-0.7999976,4.578156
20,180,30,PinkNoise,Generic,4,-178.7501,0.25,9.870483
21,120,30,Footstep,3D_Based,4,120.6499,-0.5000029,4.547592
22,90,0,PinkNoise,DL_Based,5,98.29993,-0.2000019,4.199951
23,0,30,PinkNoise,Generic,3,8.399954,0.5,5.140884
24,180,30,Footstep,DL_Based,2,-177,11.39999,15.10713
25,120,30,Footstep,3D_Based,2,-135.3,-0.8000033,8.325867
26,120,30,PinkNoise,3D_Based,1,116,25.54999,12.65881
27,90,0,Footstep,DL_Based,2,94.74997,0.3999939,7.493027
28,180,0,Footstep,3D_Based,2,179.7,2,9.878616
29,0,30,Footstep,DL_Based,3,4.199919,0.2499695,14.91832
30,180,0,PinkNoise,3D_Based,1,-176.9501,0.3499756,7.886887
31,0,30,Footstep,DL_Based,5,18.44991,0.6499634,9.413544
32,150,30,PinkNoise,Generic,3,-149.8501,-0.3500394,31.66641
33,90,0,Footstep,3D_Based,4,-87.85004,1.499969,6.846222
34,90,30,Footstep,Generic,3,-90.44998,-0.5500445,10.71976
35,0,0,Footstep,Generic,5,-4.949982,-0.6000461,4.648163
36,180,0,PinkNoise,3D_Based,5,179.7,14.14996,10.73035
37,30,30,PinkNoise,3D_Based,3,-33.34995,31.74997,6.990967
38,90,0,Footstep,Generic,5,-90.74994,3.399963,6.351654
39,180,30,PinkNoise,DL_Based,4,179.9501,0.04995728,12.34753
40,60,0,Footstep,DL_Based,5,-45.09991,-0.1000664,9.245941
41,150,0,Footstep,Generic,4,-156.7499,-0.3500653,5.613068
42,90,0,PinkNoise,Generic,2,-87.09995,31.94992,5.993561
43,150,30,Footstep,Generic,5,-138.2,22.54996,10.70737
44,60,0,PinkNoise,3D_Based,2,54.95003,33.14996,7.908234
45,150,30,Footstep,3D_Based,4,141.1,26.19995,8.189087
46,30,30,PinkNoise,Generic,2,42.55,33.19995,4.524475
47,0,30,PinkNoise,Generic,1,4.900012,32.14993,6.829132
48,0,30,Footstep,DL_Based,4,44.00005,-1.200063,11.16196
49,90,30,PinkNoise,3D_Based,4,-88.34991,35.39993,6.323334
50,150,0,Footstep,DL_Based,4,-178.8998,1.199921,13.11148
51,30,0,PinkNoise,3D_Based,3,-44.29984,5.299927,12.52545
52,120,0,PinkNoise,DL_Based,2,-101.7999,-2.000064,7.575867
53,150,30,PinkNoise,Generic,2,158.0502,27.39993,8.236664
54,60,0,Footstep,DL_Based,3,-46.89987,0.1999207,9.532227
55,150,30,PinkNoise,DL_Based,5,-177.2499,1.499908,7.886261
56,180,30,Footstep,3D_Based,2,178.2001,2.799896,6.957245
57,90,0,Footstep,DL_Based,5,91.70013,2.149902,6.561615
58,0,30,PinkNoise,Generic,5,2.450129,25.59988,4.728577
59,0,30,PinkNoise,Generic,4,-1.499847,25.1499,4.222687
60,150,30,PinkNoise,3D_Based,1,-164.4999,29.8999,6.030151
61,150,30,Footstep,DL_Based,2,161.2501,2.799866,6.641724
62,0,0,PinkNoise,3D_Based,3,-2.599915,-0.3001259,7.868439
63,90,30,PinkNoise,Generic,3,-91.3999,-2.300112,6.949707
64,90,30,Footstep,Generic,5,-88.19989,1.44989,7.751099
65,0,0,PinkNoise,Generic,2,0.7500951,26.5499,4.324402
66,60,30,Footstep,3D_Based,4,-66.34985,26.84985,10.06915
67,0,0,PinkNoise,DL_Based,4,15.20016,1.749847,9.855835
68,30,0,Footstep,3D_Based,2,21.80018,1.649872,3.24054
69,60,0,PinkNoise,3D_Based,1,55.55016,22.34982,9.205139
70,120,30,PinkNoise,Generic,1,-116.3998,-0.1001683,4.629578
71,180,30,Footstep,DL_Based,1,-175.5498,-2.300167,6.255188
72,120,0,PinkNoise,Generic,3,130.1502,-0.5001665,3.668457
73,30,0,Footstep,Generic,3,-32.64981,26.54984,7.145447
74,180,30,Footstep,3D_Based,1,-178.7498,26.44983,6.937012
75,120,0,Footstep,DL_Based,3,133.8502,-0.6501788,5.360229
76,90,0,PinkNoise,DL_Based,4,93.90017,42.89981,8.048462
77,90,30,PinkNoise,Generic,2,-89.89978,37.14981,5.479126
78,150,30,PinkNoise,3D_Based,2,137.2002,37.0498,4.094421
79,120,30,PinkNoise,DL_Based,5,168.1502,-0.1001965,6.761719
80,120,0,PinkNoise,Generic,1,-129.5998,29.59979,4.713623
81,30,0,Footstep,DL_Based,5,-34.34979,1.499786,8.121643
82,0,0,Footstep,DL_Based,2,5.050201,1.849792,5.534668
83,120,0,PinkNoise,3D_Based,1,115.9002,32.24979,4.199524
84,180,0,PinkNoise,Generic,1,178.7002,-0.7502078,4.189392
85,120,0,Footstep,Generic,3,-120.7498,27.59979,7.461121
86,180,30,Footstep,Generic,3,177.9502,-0.9002051,4.307312
87,120,0,PinkNoise,Generic,4,-119.5998,28.49979,4.305786
88,120,30,Footstep,3D_Based,5,122.1002,-2.250203,4.53363
89,60,30,Footstep,Generic,1,64.60019,-1.500203,3.796631
90,90,30,PinkNoise,DL_Based,4,122.0502,-0.3002013,3.35144
91,180,0,Footstep,DL_Based,1,178.2502,0.5498047,3.536682
92,30,30,PinkNoise,DL_Based,2,14.95021,-1.100201,6.187744
93,60,0,PinkNoise,DL_Based,5,-47.2998,-0.3502009,2.574463
94,0,30,PinkNoise,DL_Based,4,7.400221,-1.5502,4.603821
95,180,0,Footstep,Generic,5,-178.8998,1.299805,6.631592
96,180,30,PinkNoise,3D_Based,3,177.8502,27.64981,4.690857
97,0,30,PinkNoise,DL_Based,5,22.80025,-2.350207,8.363403
98,120,0,PinkNoise,Generic,2,119.7002,29.4498,10.87634
99,150,30,PinkNoise,DL_Based,4,-134.4997,-1.950208,4.116943
100,30,30,Footstep,DL_Based,1,44.40023,-1.300207,7.722046
101,60,0,Footstep,3D_Based,5,-60.79977,0.6997986,4.500061
102,150,0,PinkNoise,Generic,4,-137.3998,-0.4002066,1.848511
103,120,0,PinkNoise,DL_Based,3,-84.39978,-2.200207,2.231689
104,30,30,Footstep,DL_Based,5,-4.849792,-0.6002043,4.2453
105,90,0,PinkNoise,DL_Based,2,130.9502,-1.650205,3.598206
106,90,30,PinkNoise,3D_Based,1,75.95023,29.94977,4.13092
107,180,0,Footstep,Generic,1,175.3002,-1.250218,5.005005
108,30,30,PinkNoise,DL_Based,1,43.45023,1.799774,5.69104
109,120,30,PinkNoise,Generic,5,130.2502,32.99979,3.762756
110,120,0,PinkNoise,3D_Based,5,-132.8998,-0.4002208,5.054199
111,150,30,Footstep,3D_Based,1,135.5502,30.84976,6.870422
112,90,30,PinkNoise,Generic,4,-89.89978,-1.500224,5.387573
113,60,0,Footstep,DL_Based,1,-39.24979,-0.8002236,2.894592
114,30,30,PinkNoise,DL_Based,4,56.90017,-1.000224,5.260559
115,0,30,PinkNoise,3D_Based,4,-10.04984,-0.7002243,2.442383
116,0,30,Footstep,Generic,3,8.150167,-0.5002241,2.583923
117,180,0,Footstep,DL_Based,4,-166.4998,-0.600228,5.999634
118,180,0,Footstep,DL_Based,5,-169.9498,-1.900229,4.122314
119,180,30,Footstep,Generic,1,-178.4499,-2.700229,3.508789
120,30,30,Footstep,3D_Based,2,18.25016,31.19977,7.714661
121,150,30,Footstep,Generic,2,-146.6499,30.84976,6.623108
122,30,0,Footstep,Generic,4,-32.34991,28.49976,5.13623
123,0,0,Footstep,Generic,4,1.20008,28.69974,4.108887
124,150,30,Footstep,3D_Based,5,139.0001,31.94974,5.187317
125,30,30,PinkNoise,3D_Based,1,-44.14993,34.44977,4.74054
126,180,30,Footstep,DL_Based,4,-179.6999,-2.200249,6.330139
127,30,0,Footstep,3D_Based,1,-36.49997,33.64975,5.687317
128,90,30,PinkNoise,Generic,5,94.10007,33.54974,3.929749
129,30,30,Footstep,DL_Based,4,-39.19995,-2.150265,5.990906
130,180,0,PinkNoise,3D_Based,3,178.2001,-1.150264,3.332886
131,30,30,Footstep,Generic,3,-41.09991,26.39972,6.219421
132,0,30,PinkNoise,3D_Based,2,-13.89993,36.34973,6.616577
133,0,0,PinkNoise,3D_Based,1,-6.599915,33.74973,3.105591
134,180,0,Footstep,Generic,2,178.2501,-1.450275,3.387817
135,150,0,PinkNoise,DL_Based,1,-176.3499,-0.4502749,4.175232
136,120,0,Footstep,Generic,4,120.4001,30.79971,6.616272
137,120,30,Footstep,Generic,5,124.1501,30.3497,4.213867
138,120,30,Footstep,DL_Based,3,-90.19998,-0.6502962,6.293762
139,0,30,Footstep,3D_Based,4,-2.999939,27.39972,4.965149
140,150,0,PinkNoise,Generic,3,-140.95,-0.5503026,4.333008
141,60,30,PinkNoise,3D_Based,3,44.45007,30.94971,3.987793
142,120,0,Footstep,3D_Based,3,120.2001,32.24969,4.949036
143,120,30,Footstep,DL_Based,2,122.3501,-1.250304,4.054626
144,30,0,PinkNoise,Generic,1,30.80013,34.64969,6.362793
145,30,0,Footstep,3D_Based,4,21.45015,-2.000309,3.963074
146,0,30,Footstep,Generic,1,1.150146,29.79968,4.7901
147,150,0,Footstep,DL_Based,2,174.1002,-1.400311,6.652344
148,150,0,Footstep,DL_Based,5,173.9002,-1.250311,2.094299
149,0,0,PinkNoise,Generic,1,0.0001756509,20.24969,4.828857
150,0,0,PinkNoise,3D_Based,2,-2.149811,21.0997,3.721375
151,120,30,PinkNoise,DL_Based,3,134.2002,-2.150303,3.430725
152,30,0,Footstep,Generic,1,-39.64984,-0.9503055,7.107239
153,120,30,PinkNoise,3D_Based,5,107.1002,32.69968,5.92749
154,30,30,Footstep,Generic,4,44.10014,-0.05030775,3.72821
155,120,0,Footstep,DL_Based,2,135.1501,-1.150307,3.177246
156,60,30,Footstep,Generic,3,-59.39987,0.9996948,4.293396
157,0,0,Footstep,3D_Based,2,-6.399872,28.89969,6.923584
158,30,30,PinkNoise,Generic,5,-39.79987,27.24966,5.013428
159,0,30,PinkNoise,3D_Based,5,-9.549866,37.59967,5.244202
160,60,0,PinkNoise,Generic,3,-45.79987,29.49966,5.440613
161,30,0,Footstep,DL_Based,4,44.9501,-2.70034,5.176453
162,180,30,PinkNoise,Generic,1,179.4001,34.29965,4.814087
163,90,0,Footstep,3D_Based,3,-93.09995,34.39966,9.711548
164,120,30,PinkNoise,DL_Based,1,-92.84998,-0.7503525,3.773071
165,30,30,Footstep,3D_Based,5,-41.34998,32.04965,3.977051
166,90,30,Footstep,DL_Based,3,93.04999,-1.950352,5.521729
167,0,30,Footstep,Generic,2,3.449984,-1.250352,2.833496
168,60,0,PinkNoise,Generic,5,-59.60001,0.1496277,3.941284
169,30,30,PinkNoise,3D_Based,2,7.649996,33.24963,4.813721
170,30,0,PinkNoise,Generic,4,37.75001,25.79962,5.896851
171,150,0,Footstep,Generic,1,149.6,0.04962158,5.903198
172,60,30,PinkNoise,Generic,2,-43.95001,26.39963,5.969116
173,180,0,PinkNoise,DL_Based,3,-179.95,-0.7503734,5.44165
174,120,0,PinkNoise,Generic,5,134.9,-0.9503736,2.778687
175,120,30,Footstep,DL_Based,4,-104.25,-0.05037326,4.97229
176,30,30,Footstep,Generic,5,-39.50003,27.24963,6.442017
177,60,30,Footstep,DL_Based,5,-44.10004,-2.450373,3.720093
178,150,0,PinkNoise,3D_Based,3,136.6499,-1.150373,5.393066
179,0,30,Footstep,3D_Based,5,-3.000092,-2.450379,6.13147
180,0,0,PinkNoise,Generic,4,0.04992587,-0.4503789,4.749634
181,90,0,PinkNoise,3D_Based,2,93.74995,-0.6503785,5.377197
182,180,30,Footstep,3D_Based,3,178.5499,-0.1503781,5.6521
183,120,0,PinkNoise,3D_Based,4,114.0999,1.149597,7.858643
184,0,30,PinkNoise,DL_Based,1,9.449929,-1.600385,5.767212
185,150,30,PinkNoise,Generic,1,-139.8501,-0.1003844,4.808838
186,30,30,Footstep,Generic,1,43.64994,-0.8503846,6.935669
187,0,30,PinkNoise,DL_Based,2,17.34993,-1.000385,4.241943
188,0,30,PinkNoise,DL_Based,3,12.39993,0.2996216,2.414795
189,30,30,Footstep,DL_Based,3,46.99997,-1.950386,7.88623
190,120,30,PinkNoise,3D_Based,4,-135.05,33.09961,4.470581
191,120,0,PinkNoise,3D_Based,3,119.8999,31.44962,4.755737
192,60,30,Footstep,3D_Based,5,-47.45001,-0.2503836,5.806641
193,30,0,Footstep,Generic,5,-31.85004,-1.200391,4.4375
194,120,30,Footstep,DL_Based,5,-97.54993,-1.900384,5.446533
195,30,0,PinkNoise,Generic,2,43.35004,28.94962,6.600586
196,90,30,PinkNoise,3D_Based,5,-90.54996,27.94962,4.080933
197,180,30,PinkNoise,3D_Based,5,-176.95,34.2496,3.880371
198,60,0,Footstep,Generic,4,-49.3999,29.89963,6.97522
199,150,0,Footstep,Generic,2,152.4501,-0.4003867,5.447021
200,90,30,PinkNoise,Generic,1,84.6501,34.99963,2.916626
201,150,0,PinkNoise,Generic,5,139.4501,1.399628,2.140625
202,0,0,PinkNoise,3D_Based,4,-0.749939,1.049622,3.434448
203,150,30,Footstep,DL_Based,4,159.1501,1.199615,5.57666
204,150,0,PinkNoise,3D_Based,5,-147.5999,2.599609,2.280884
205,0,30,Footstep,Generic,5,2.400089,30.64963,6.294922
206,180,0,PinkNoise,Generic,4,-177.0499,25.34961,5.443848
207,180,0,PinkNoise,DL_Based,4,-156.0499,-2.750388,6.762085
208,150,0,PinkNoise,Generic,2,137.5001,-1.250388,2.41333
209,150,30,Footstep,Generic,4,-146.0999,-0.0003883019,3.349976
210,150,0,PinkNoise,3D_Based,2,136.9001,0.09960938,3.135498
211,0,0,Footstep,3D_Based,1,-3.149841,1.449615,7.053101
212,150,30,Footstep,3D_Based,2,-139.5499,-1.100388,4.630615
213,60,0,Footstep,DL_Based,4,66.70017,28.79962,6.791748
214,120,30,PinkNoise,3D_Based,2,-126.0498,23.99963,5.930908
215,150,0,PinkNoise,DL_Based,5,-136.0998,-1.850384,3.813232
216,150,0,PinkNoise,DL_Based,2,170.0002,-1.300384,2.016602
217,30,30,PinkNoise,DL_Based,3,-5.19986,0.3995972,5.802612
218,180,30,Footstep,3D_Based,5,178.0501,-1.10041,6.720459
219,60,0,PinkNoise,DL_Based,2,-44.74985,-1.200411,4.27124
220,120,30,Footstep,Generic,4,134.3501,-0.8504089,5.908081
221,120,30,PinkNoise,DL_Based,2,173.3501,-1.200409,3.803589
222,60,0,Footstep,3D_Based,1,-58.84985,31.2496,13.01465
223,150,0,Footstep,Generic,5,-159.6999,-0.4503893,6.778564
224,120,0,Footstep,3D_Based,4,113.1501,1.949615,5.77356
225,180,0,Footstep,3D_Based,1,174.9501,-0.9003981,4.19043
226,60,30,PinkNoise,3D_Based,2,56.2001,29.59961,3.053345
227,120,0,Footstep,Generic,2,-124.6499,33.34961,6.229736
228,150,30,PinkNoise,Generic,4,-136.4499,-1.800403,2.494141
229,180,0,PinkNoise,Generic,3,173.4001,0.1495972,2
230,30,30,PinkNoise,Generic,4,37.00011,0.09960938,3.106445
231,180,30,PinkNoise,3D_Based,2,-173.7499,31.6496,3.402344
232,0,0,Footstep,Generic,1,-2.299927,-2.000401,5.483276
233,60,0,Footstep,Generic,5,-66.84988,-1.300407,4.960205
234,90,30,PinkNoise,DL_Based,3,-75.24991,-1.450409,4.525757
235,180,0,PinkNoise,DL_Based,1,177.9501,-0.3004119,4.014404
236,120,0,PinkNoise,DL_Based,5,-99.69989,-1.000412,4.798462
237,180,30,PinkNoise,3D_Based,4,165.0002,30.4996,3.801392
238,60,30,Footstep,DL_Based,2,45.00009,-0.5004259,6.98938
239,60,30,Footstep,DL_Based,1,-45.04993,-2.050426,4.160767
240,150,0,Footstep,DL_Based,3,157.8001,-1.850428,6.769043
241,90,0,PinkNoise,DL_Based,3,95.50006,-0.4504236,3.954712
242,180,30,PinkNoise,Generic,2,171.5001,30.24957,2.89978
243,90,0,PinkNoise,Generic,3,-96.19989,24.84958,3.092041
244,60,0,Footstep,Generic,3,-63.69995,-1.850423,4.080322
245,90,0,PinkNoise,3D_Based,4,-104.0999,26.8996,2.561401
246,0,0,PinkNoise,DL_Based,2,3.05004,0.199585,5.619385
247,60,30,PinkNoise,Generic,1,58.20004,22.44958,5.547729
248,0,0,PinkNoise,3D_Based,5,-6.699951,25.49957,2.796997
249,30,30,PinkNoise,Generic,1,-40.99994,24.74957,2.456177
250,90,30,Footstep,Generic,4,89.25004,20.04956,5.735718
251,30,0,Footstep,Generic,2,34.40002,1.199554,4.895874
252,150,0,PinkNoise,DL_Based,3,-139.05,0.2495422,4.748169
253,60,30,PinkNoise,Generic,5,-59.84995,27.09955,4.615112
254,30,0,PinkNoise,3D_Based,1,-44.84995,24.39957,1.866943
255,90,30,Footstep,DL_Based,1,122.1001,27.94955,5.579346
256,180,0,Footstep,DL_Based,3,-171.95,-2.600461,6.505005
257,150,0,Footstep,3D_Based,1,133.95,-2.200461,2.818481
258,30,30,Footstep,3D_Based,4,-40.89996,26.79953,7.520508
259,150,30,Footstep,DL_Based,5,165.6501,2.199524,6.733887
260,90,30,Footstep,3D_Based,5,83.00005,-1.90047,3.963257
261,120,0,Footstep,DL_Based,1,133.7501,-1.000476,4.987915
262,90,0,PinkNoise,Generic,1,83.15008,28.29953,2.548096
263,0,30,Footstep,3D_Based,1,-6.499939,-2.350481,5.439575
264,90,0,PinkNoise,Generic,4,-93.89999,23.84952,7.086792
265,150,30,PinkNoise,3D_Based,4,-162.85,31.64951,3.337769
266,90,30,PinkNoise,DL_Based,2,92.45001,34.14948,6.730713
267,60,0,PinkNoise,DL_Based,1,-41.59998,-0.8005081,8.376953
268,30,0,PinkNoise,Generic,3,43.70001,27.99948,5.280029
269,120,0,Footstep,3D_Based,2,-134.3,0.04946899,10.99414
270,0,30,PinkNoise,Generic,2,5.000038,-2.150529,7.360107
271,90,30,Footstep,Generic,1,-90.79999,-1.90054,4.844727
272,180,30,PinkNoise,3D_Based,1,-179.65,30.34946,2.409912
273,30,30,Footstep,Generic,2,44.59996,25.34946,6.830322
274,30,0,PinkNoise,3D_Based,4,42.94997,27.14948,3.021973
275,180,30,PinkNoise,Generic,3,-179.55,33.29947,3.98291
276,180,30,Footstep,DL_Based,3,-160.0501,-1.200529,6.054932
277,90,30,Footstep,3D_Based,3,-92.35007,-2.75053,4.058105
278,30,0,Footstep,DL_Based,3,0.7999545,-1.950534,6.906616
279,150,30,Footstep,DL_Based,3,-137.5001,-1.40053,5.177612
280,60,0,PinkNoise,3D_Based,5,45.49995,-2.250529,5.960693
281,180,30,Footstep,Generic,2,-177.3001,-1.800529,6.008789
282,180,0,Footstep,3D_Based,3,-179.4,-1.600529,5.059692
283,0,30,Footstep,3D_Based,3,-0.9500427,19.09949,7.401978
284,90,0,Footstep,Generic,3,-89.95007,0.5994873,6.871094
285,180,0,PinkNoise,3D_Based,4,-178.6,0.1494751,4.752319
286,180,0,Footstep,Generic,4,-178.45,-0.3005323,5.308838
287,90,30,PinkNoise,DL_Based,5,57.29996,1.349457,3.400757
288,0,0,Footstep,3D_Based,5,2.249965,-2.850532,5.425903
289,30,0,Footstep,3D_Based,3,40.34993,0.6994629,3.747437
290,120,0,PinkNoise,DL_Based,1,-95.35004,-3.15052,5.108643
291,30,30,Footstep,3D_Based,1,-45.65002,-2.450523,4.258423
292,90,0,Footstep,Generic,1,89.79996,-0.4005263,4.202637
293,60,0,PinkNoise,Generic,1,-48.55005,26.04947,5.378174
294,120,30,PinkNoise,Generic,4,131.25,28.74948,6.433716
295,60,0,PinkNoise,Generic,4,-49.19998,27.54947,6.513184
296,150,0,Footstep,3D_Based,5,-149.6,1.249451,5.265625
297,60,30,PinkNoise,3D_Based,5,45.00002,31.94946,4.834473
298,180,0,PinkNoise,DL_Based,5,-170.75,0.8994446,7.026245
299,120,0,Footstep,3D_Based,1,135.35,0.7994385,4.480713
300,60,0,Footstep,DL_Based,2,-47.19995,-0.5505582,6.326416
301,60,30,PinkNoise,DL_Based,4,-46.64993,-1.800557,4.093628
302,180,30,PinkNoise,DL_Based,1,-172.3499,-2.200557,4.146362
303,90,30,Footstep,DL_Based,2,91.15009,-1.500558,4.259399
304,150,0,Footstep,3D_Based,4,140.9001,-3.600566,6.638794
305,90,0,Footstep,3D_Based,1,-91.79984,-2.350574,5.924316
306,60,30,Footstep,Generic,2,-49.64981,31.74942,5.196167
307,60,0,Footstep,Generic,2,51.35017,-1.800578,4.166748
308,180,0,PinkNoise,DL_Based,2,177.6002,-2.400579,4.690796
309,30,30,PinkNoise,Generic,3,19.80018,28.74942,5.216187
310,0,0,Footstep,DL_Based,5,2.650188,-0.7005816,4.911865
311,150,30,PinkNoise,DL_Based,2,176.6002,-3.900585,5.356934
312,90,0,PinkNoise,DL_Based,1,-90.84979,-3.650587,4.124023
313,0,0,Footstep,DL_Based,3,5.050229,-1.000593,6.481567
314,30,0,PinkNoise,Generic,5,28.75024,-2.650594,5.830566
315,120,30,Footstep,Generic,3,131.9003,1.949402,5.627686
316,60,0,PinkNoise,Generic,2,-45.94971,27.3494,4.528687
317,0,30,PinkNoise,3D_Based,1,-12.04971,27.49939,3.890015
318,150,30,Footstep,Generic,1,-155.7497,30.79941,6.441284
319,30,30,PinkNoise,DL_Based,5,44.20029,-0.8006036,5.337524
320,60,30,PinkNoise,DL_Based,2,78.10028,0.9993896,3.704712
321,30,0,PinkNoise,DL_Based,4,-31.34973,0.3493958,4.485474
322,0,0,PinkNoise,Generic,3,-7.049713,-2.050599,2.694824
323,60,30,PinkNoise,DL_Based,3,-48.64972,0.1994019,3.01001
324,90,0,PinkNoise,Generic,5,92.70032,-0.8006026,4.909912
325,90,30,PinkNoise,3D_Based,2,87.85033,25.6994,3.230469
326,60,0,Footstep,Generic,1,45.30029,-0.200611,4.612183
327,30,0,PinkNoise,3D_Based,5,-43.69974,23.5994,4.455322
328,180,30,Footstep,DL_Based,5,174.8003,0.1493835,5.507813
329,120,30,Footstep,Generic,2,131.2003,0.09939575,5.670166
330,150,0,Footstep,3D_Based,2,-143.1497,0.4494019,6.52063
331,90,30,Footstep,3D_Based,4,-88.64978,24.3494,4.463135
332,150,0,Footstep,DL_Based,1,-134.7998,0.2993774,4.287964
333,120,30,PinkNoise,3D_Based,3,-135.4998,25.39938,3.416992
334,90,30,Footstep,Generic,2,91.20027,-1.050614,9.271362
335,180,0,PinkNoise,3D_Based,2,174.2503,28.44937,5.678467
336,60,30,Footstep,DL_Based,4,65.05032,0.149353,6.428589
337,0,0,PinkNoise,DL_Based,1,-1.049683,-2.450636,4.763306
338,30,0,PinkNoise,DL_Based,5,46.20029,-1.850634,3.479614
339,60,0,PinkNoise,3D_Based,3,44.3503,-0.8506374,4.828979
340,180,0,Footstep,3D_Based,5,177.3002,-0.8006377,8.032349
341,0,0,Footstep,DL_Based,1,4.050277,-0.8506399,8.093628
342,0,30,Footstep,DL_Based,1,3.700282,-2.700639,5.59021
343,0,30,PinkNoise,3D_Based,3,-26.94971,28.14935,2.909302
344,120,0,Footstep,Generic,5,-124.4497,-2.650643,4.360352
345,60,30,Footstep,Generic,4,-47.19974,-0.2006452,4.827515
346,150,30,PinkNoise,3D_Based,3,-137.2497,29.49936,3.62854
347,150,30,Footstep,3D_Based,3,152.2003,0.7493591,5.298462
348,180,0,PinkNoise,Generic,2,-174.1997,32.14935,2.996704
349,150,30,PinkNoise,Generic,5,-153.4497,41.0993,3.416626
350,30,30,PinkNoise,3D_Based,4,-47.04971,30.89935,5.565308
351,30,30,PinkNoise,3D_Based,5,-39.49973,32.14935,2.489258
352,30,30,Footstep,3D_Based,3,-43.04971,33.29932,5.550049
353,90,0,PinkNoise,3D_Based,1,87.35029,34.84933,4.243164
354,90,30,Footstep,DL_Based,5,98.60029,-1.100676,4.974609
355,0,0,PinkNoise,Generic,5,-5.149719,0.6993103,4.794312
356,60,0,PinkNoise,DL_Based,3,57.55029,-1.300678,5.931885
357,120,0,Footstep,3D_Based,5,-126.7498,29.59933,8.039429
358,120,0,PinkNoise,DL_Based,4,133.4502,-2.600672,3.561279
359,120,30,PinkNoise,Generic,3,-103.1997,-0.1006714,4.416992
360,180,0,Footstep,DL_Based,2,179.5503,0.2493286,6.96582
361,180,30,Footstep,Generic,4,175.2503,35.34933,6.811279
362,60,30,Footstep,3D_Based,1,41.90029,36.5993,7.070557
363,90,30,Footstep,DL_Based,4,-87.74969,-1.350697,7.482666
364,180,0,PinkNoise,Generic,5,167.9003,31.64932,3.114502
365,180,30,Footstep,3D_Based,4,164.9503,29.5993,4.478271
366,90,30,Footstep,3D_Based,2,87.25033,27.2493,5.811523
367,90,30,PinkNoise,DL_Based,1,127.6503,-0.8006973,4.866699
368,0,0,Footstep,3D_Based,3,-1.749695,-0.5507029,5.447998
369,150,30,PinkNoise,3D_Based,5,139.9503,30.69931,7.517822
370,120,0,Footstep,Generic,1,135.1004,-2.750707,4.070313
371,120,30,Footstep,3D_Based,1,95.80031,29.79929,4.925781
372,60,30,PinkNoise,Generic,3,-42.29968,28.5993,4.583252
373,0,0,Footstep,Generic,2,1.150305,-0.8007118,5.749512
374,150,30,PinkNoise,DL_Based,1,150.3003,-2.200718,5.990234
375,30,0,PinkNoise,DL_Based,1,43.75028,-1.950721,4.880859
376,60,0,Footstep,3D_Based,2,-51.39969,0.4992676,4.601074
377,60,30,Footstep,3D_Based,3,-47.79968,-0.4507233,3.362793
378,30,30,Footstep,DL_Based,2,46.10032,-1.600723,4.640381
379,60,0,PinkNoise,DL_Based,4,-45.39966,-0.8007231,3.467529
380,60,30,PinkNoise,DL_Based,5,-46.64966,-0.6507232,2.975586
381,60,0,Footstep,3D_Based,4,-60.94965,2.199249,5.348633
382,60,30,PinkNoise,3D_Based,1,51.45039,24.69925,3.722656
383,30,0,PinkNoise,3D_Based,2,29.15037,24.44925,3.106445
384,90,0,Footstep,DL_Based,1,-74.29965,-2.350742,7.177979
385,60,30,Footstep,3D_Based,2,-48.09964,26.49924,6.376709
386,90,30,Footstep,3D_Based,1,87.30036,23.99924,16.59131
387,90,0,PinkNoise,3D_Based,3,89.40038,27.29926,3.668701
388,60,30,Footstep,Generic,5,-44.4996,-1.450754,6.462158
389,120,0,Footstep,DL_Based,5,-115.5995,-1.650752,4.767334
390,150,0,PinkNoise,3D_Based,1,-156.4495,-1.300746,4.04126
391,30,0,Footstep,DL_Based,1,-7.79953,-1.150744,6.336182
392,120,30,PinkNoise,DL_Based,4,157.5004,-0.8507428,5.881836
393,120,30,PinkNoise,Generic,2,106.8004,-0.5007377,3.362305
394,60,30,Footstep,DL_Based,3,-45.94958,-1.750747,7.029785
395,90,0,Footstep,3D_Based,5,-91.54956,-1.550741,6.924072
396,30,0,PinkNoise,DL_Based,2,45.20045,-1.60074,3.987793
397,60,30,PinkNoise,3D_Based,4,45.35049,22.74927,2.58667
398,90,30,PinkNoise,3D_Based,3,-92.79947,28.54926,4.1604
399,180,30,PinkNoise,DL_Based,3,-179.7494,0.09924316,4.755615
400,150,30,PinkNoise,DL_Based,3,-134.8494,-3.400749,6.105469
401,90,0,Footstep,Generic,2,-87.89941,-1.850751,5.439941
402,60,0,PinkNoise,3D_Based,4,-57.39941,31.89923,6.216309
403,0,30,Footstep,DL_Based,2,24.15057,1.749237,6.256592
404,180,0,Footstep,3D_Based,4,-177.0494,29.84924,4.991211
405,150,0,PinkNoise,3D_Based,4,-147.0994,28.69925,5.374756
406,150,0,PinkNoise,Generic,1,153.1506,29.24924,3.62793
407,150,30,Footstep,Generic,3,157.5006,29.39923,4.4646
408,0,0,Footstep,Generic,3,4.250531,30.59924,6.862793
409,0,30,Footstep,Generic,4,3.750532,32.29922,4.224609
410,150,0,Footstep,Generic,3,-140.7995,30.54922,6.76123
411,30,0,Footstep,DL_Based,2,44.25053,26.64923,6.588379
412,180,30,PinkNoise,DL_Based,5,-140.7494,-1.350776,6.592285
413,90,0,Footstep,DL_Based,4,99.60056,1.949219,6.801758
414,90,0,PinkNoise,3D_Based,5,85.40055,32.34924,3.519043
415,60,30,PinkNoise,Generic,4,-46.04947,-2.100767,4.375
416,120,30,Footstep,DL_Based,1,134.3005,-1.050768,6.134033
417,120,0,PinkNoise,3D_Based,2,-134.4995,30.49924,3.388672
418,0,0,PinkNoise,DL_Based,5,12.50054,0.6992188,5.244629
419,0,0,Footstep,DL_Based,4,4.250547,0.3492432,5.414551
420,0,0,Footstep, Generic,4,4.250547,0.3492432,5.414551
